chain,residue_id,residue_name,mean_probability
A:0,25,GLY,0.6827225
A:0,18,GLY,0.656853
A:0,14,TRP,0.6550925
A:0,20,HIS,0.6542099
A:0,56,LYS,0.6497545
A:0,43,PHE,0.6243291
A:0,50,HIS,0.61432487
A:0,71,ALA,0.60742265
A:0,33,PHE,0.5930602
A:0,61,LYS,0.59286654
A:0,54,GLN,0.5822096
A:0,72,HIS,0.5749136
A:0,34,LEU,0.54577994
A:0,6,ASP,0.54272854
A:0,62,VAL,0.524795
