chain,residue_id,residue_name,mean_probability
A:0,9,ALA,0.82123184
A:0,3,ASP,0.81913483
A:0,13,GLY,0.8052031
A:0,4,LEU,0.77874523
A:0,2,ALA,0.7709624
A:0,10,VAL,0.7666106
A:0,8,LYS,0.69219035
