chain,residue_id,residue_name,mean_probability
A:0,37,THR,0.7061622
A:0,39,VAL,0.70112026
A:0,13,ALA,0.62284356
A:0,38,SER,0.57760656
A:0,48,ILE,0.5543086
A:0,32,ALA,0.5480808
A:0,12,LYS,0.5423857
A:0,33,LYS,0.54127866
A:0,7,GLU,0.53143877
A:0,23,SER,0.50862557
