chain,residue_id,residue_name,mean_probability
A:0,39,VAL,0.8745922
A:0,23,SER,0.81004375
A:0,38,SER,0.75060713
A:0,7,GLU,0.74235773
A:0,14,PRO,0.7185601
A:0,8,THR,0.6931987
A:0,45,ASP,0.6278749
A:0,46,SER,0.62298226
A:0,12,LYS,0.5971142
A:0,22,GLY,0.5908462
A:0,37,THR,0.5667087
A:0,33,LYS,0.53403986
A:0,13,ALA,0.51899993
