chain,residue_id,residue_name,mean_probability
A:0,21,PRO,0.7298555
A:0,23,SER,0.60690224
A:0,26,ILE,0.6046718
A:0,27,ARG,0.5829016
A:0,37,THR,0.5758535
A:0,49,GLN,0.570947
A:0,5,ALA,0.54412943
A:0,7,GLU,0.5406759
A:0,3,ALA,0.53801864
