chain,residue_id,residue_name,mean_probability
H:0,16,GLY,0.73779607
H:0,4,LEU,0.69624615
H:0,44,GLY,0.6376276
H:0,15,GLY,0.6296819
H:0,18,LEU,0.5682677
H:0,17,SER,0.5398407
H:0,37,VAL,0.5397121
H:0,8,GLY,0.513627
H:0,43,LYS,0.5051697
