chain,residue_id,residue_name,mean_probability
H:0,24,ALA,0.6267732
H:0,23,ALA,0.6108993
H:0,19,ARG,0.6103085
H:0,53,PRO,0.600769
H:0,36,TRP,0.59440625
H:0,54,SER,0.5808373
H:0,45,LEU,0.57306725
H:0,46,GLU,0.56104255
H:0,2,VAL,0.55408895
H:0,49,ALA,0.5141106
